run_name,provider,model_name,rag_enabled,question,reference_answer,reference_source,answer,latency_seconds,success,error_message,answer_accuracy,faithfulness,response_groundedness,grounded_claim_ratio,unsupported_claim_ratio,contradicted_claim_ratio
gemini_rag,gemini,gemini-2.5-flash,True,List all companies with Primary Facility Type = Headquarters (including North American Headquarters) and include their Location and Employment.,"Headquarters / North American Headquarters [3]: Minebea AccessSolutions USA Inc. | Facility Type: Headquarters | Location: Atlanta, Fulton County | Employment: 400 TI Fluid Systems | Facility Type: North American Headquarters | Location: Atlanta, Fulton County | Employment: 19,600 Tie Down Engineering | Facility Type: North American Headquarters | Location: Greensboro, Greene County | Employment: 2,000",golden,"Minebea AccessSolutions USA Inc., Location: Atlanta, Fulton County, Employment: 400
Tie Down Engineering, Location: Greensboro, Greene County, Employment: 2000",1.15,True,,0.67,0.5,0.5,0.5,0.5,0.0
gemini_rag,gemini,gemini-2.5-flash,True,"Which companies have Primary Facility Type = R&D, and what EV Supply Chain Role are they associated with?","R&D [1]: Racemark International LLC | EV Supply Chain Role: General Automotive | Location: Calhoun, Gordon County | Employment: 120",golden,"Racemark International LLC, General Automotive",0.83,True,,0.5,1.0,1.0,1.0,0.0,0.0
gemini_rag,gemini,gemini-2.5-flash,True,Show all Manufacturing Plant (or Manufacturing plant) entries and group them by Industry Group.,"Manufacturing Plant / Manufacturing plant entries grouped by Industry Group: Automotive components [1]: Voestalpine Automotive Body Parts Inc. Automotive modules and components [1]: Vista Metals Corp. Automotive parts manufacturing [1]: Valeo Automotive plastic components [1]: Wabash National Corp. Automotive plastics [1]: Volvo Cars USA Automotive precision components [1]: Trenton Pressing Inc. Automotive stamping and assemblies [1]: Vernay Automotive structural components [1]: Vanguard National Trailer Corp. Automotive textiles and interiors [1]: Wheelabrator Group Inc. Chemicals and Allied Products [3]: Aptiv; Archer Aviation Inc.; Arising Industries Inc. Electronic and Other Electrical Equipment and Components [16]: Hitachi Astemo; Hitachi Astemo Americas Inc.; Hollingsworth & Vose Co.; Honda Development & Manufacturing; Hwashin; Hyundai & LG Energy Solution (LGES); Hyundai Industrial Co.; Hyundai MOBIS (Georgia); Hyundai Motor Group; Hyundai Transys Georgia Powertrain; Hyundai Transys Georgia Seating Systems; IMMI; IMS Gear Georgia Inc.; Inalfa Roof Systems Inc.; JAC Products Inc.; Jefferson Southern Corp. Fabricated Metal Products [12]: FOX Factory; FREYR Battery; Flambeau Inc.; Fouts Brothers Fire Equipment; Freudenberg-NOK; Freudenberg-NOK; GEDIA Georgia LLC; GLOVIS Georgia LLC; Global Powertrain Systems LLC; Goodyear Tire & Rubber Co.; Great Dane LP; Great Dane Trailers Machinery Except Electrical [7]: GSC Steel Stamping LLC; Grudem; HELLA Automotive Sales Inc.; HEXPOL Compounding Corp.; Haering Precision USA LP; Haering Precision USA LP; Hanon Systems USA LLC Metal stamping and assemblies [1]: Volvo Group North America Miscellaneous Manufacturing Industries [1]: SungEel Recycling Park Georgia Paper and Allied Products [1]: Apache Mills Inc. Primary Metal Industries [16]: Dinex Emissions Inc.; Dongwon Autopart Technology Georgia LLC; Dorsett Industries Inc.; Down 2 Earth Trailers; Duckyang; EVCO Plastics; Eaton Corp.; Ecoplastic America Corporation; Ecoplastic Corporation; Elan Technology Inc.; Enchem America Inc.; Enplas USA Inc.; Erdrich USA Inc.; F&P Georgia Manufacturing; Fanello Industries Inc.; First American Resources Rubber and Miscellaneous Plastic Products [28]: AVS; Arising Industries Inc.; Ascend Elements; Aspen Aerogels; Aurubis; Beaver Manufacturing Co. Inc.; Big Tex Trailer Manufacturing Inc.; Blue Bird Corp.; Blue Ridge Manufacturing; Bonnell Aluminum; Boogook Industries; Bosal Industries Georgia; Bosch (Automotive Division); Bridgestone Bandag; Carcoustics USA; Club Car LLC; Constellium Automotive USA; Continental Automotive; Continental Tire the Americas LLC; DAEHAN Solution Georgia LLC; DAS Corp.; DaeChang Seat Company; Daesol Ausys; Daesol Material Georgia, LLC; Daimler Truck North America; DeKalb Tool & Die Inc.; Decostar Industries; Denkai America Stone, Clay, Glass and Concrete Products [2]: Denso Manufacturing Georgia; Die-Tech Industries Inc. Textile Products [6]: ACM Georgia LLC; ADVICS Manufacturing Georgia LLC; ALBAform Inc.; Adient; Ajin Georgia; Anovion Technologies Transportation Equipment [87]: JTEKT North America Corp.; Jefferson Southern Corporation; Joon Georgia, Inc.; KTX America Corporation; Kautex Inc.; Kia Georgia Inc.; Kumho Tire USA Inc.; Kyungshin America Corp.; Lark United Manufacturing Inc.; Lear Corporation; Lehigh Technologies Inc.; Linde + Wiemann; Lund International Inc.; Lund International Inc./Ventshade Division; Lyle Industries Inc.; Lyle Industries Inc.; MAT Heavy Duty; Mack Trucks; Magna International; Mando America Corp.; Master Craft Engineering Inc.; Maxxis International USA; Mercedes-Benz USA LLC; Michelin Tread Technologies; Milliken & Co./Valway Plant; Mobis Alabama LLC; MollerTech LLC; Morgan Corp.; Murata Electronics North America Inc.; NIFCO KTW America Corp.; NVH Korea; Neaton Rome Inc.; Nidec Elesys Americas Corp.; Nile Automotive; Nisshinbo Automotive Manufacturing Inc.; Nivel Parts & Manufacturing Co. LLC; Novelis Inc.; Novelis Inc.; Novelis Inc.; OTR Wheel Engineering Inc.; Oneda Corp.; PAI Industries Inc.; PHA Body Systems LLC; PIOLAX Corp.; PPG Industries Inc.; Paccar; Pak-Lite Inc.; Panasonic Automotive Systems Co.; Panasonic Automotive Systems Co.; Panduit Corp.; Peerless-Winsmith Inc.; Perkins Small Engines LLC; Peterson Spring; Piedmont Automotive Products Inc.; Pirelli Tire North America LLC; Porsche Cars North America Inc.; Propex Operating Co. LLC; QSR Inc.; RealTruck; Rivian Automotive; Robert Bosch LLC; SAFT America Inc.; SHIROKI North America Inc; SK Battery America; SKF USA Inc.; SRG Global Inc.; Sejong Georgia LLC; Seohan Auto USA; Seoyon E-HWA; Seoyon E-Hwa Interior Systems; Sewon America Inc.; Sewon America Inc.; Sewon America Inc.; Solvay Specialty Polymers USA LLC; Southern Switches Corp.; Stryten Energy; Suhner Manufacturing Corp.; Sumitomo Electric Wiring Systems; Superior Essex Inc.; Suzuki Manufacturing of America Corp.; TCI Powder Coatings; TDK Components USA Inc.; TE Connectivity; Teklas USA; Textron Specialized Vehicles; Thermal Ceramics Inc.; Thomson Plastics Inc.",golden,The workbook evidence does not contain any 'Manufacturing Plant' entries.,0.88,True,,0.0,0.0,0.0,0.0,1.0,0.0
gemini_rag,gemini,gemini-2.5-flash,True,"Among companies with Primary Facility Type containing 'Corporate operations', which ones are EV / Battery Relevant = Yes?",Primary Facility Type containing 'Corporate operations' and EV / Battery Relevant = Yes [3]: TN Americas Holding Inc. | Facility Type: Corporate operations | Location: Georgia | EV Supply Chain Role: OEM parent group footprint (EV + HD electrification) Toyota Industries Group (TACG-TICA) | Facility Type: Corporate operations | Location: Georgia | EV Supply Chain Role: OEM parent group footprint (electric truck strategy) Trenton Pressing | Facility Type: Regional corporate operations | Location: Georgia | EV Supply Chain Role: OEM corporate footprint and supplier integration,golden,"- TN Americas Holding Inc. | Primary Facility Type: Corporate operations | EV / Battery Relevant: Yes
- Toyota Industries Group (TACG-TICA) | Primary Facility Type: Corporate operations | EV / Battery Relevant: Yes",1.04,True,,0.67,0.0,0.0,0.0,1.0,0.0
gemini_rag,gemini,gemini-2.5-flash,True,"Identify companies with Primary Facility Type containing both Engineering and Manufacturing, and list their Product / Service.","Primary Facility Type containing both Engineering and Manufacturing [3]: WIKA USA | Facility Type: Manufacturing / Engineering | Product / Service: Vehicle power & data solutions; wiring harnesses and connectors Woory Industrial Co. | Facility Type: Manufacturing / Engineering | Product / Service: Automotive connectors, terminals, sensors, and power/data components Yamaha Motor Manufacturing Corp. | Facility Type: Engineering / Manufacturing | Product / Service: Automotive electrical architecture, connectivity, and advanced safety components",golden,"- WIKA USA | Product / Service: Vehicle power & data solutions; wiring harnesses and connectors
- Woory Industrial Co. | Product / Service: Automotive connectors, terminals, sensors, and power/data components
- Yamaha Motor Manufacturing Corp. | Product / Service: Automotive electrical architecture, connectivity, and advanced safety components",0.94,True,,0.75,1.0,1.0,1.0,0.0,0.0
