question,reference_answer,reference_source,answer,latency_seconds,success,error_message,answer_accuracy,faithfulness,response_groundedness,grounded_claim_ratio,unsupported_claim_ratio,contradicted_claim_ratio
Find the counties that contain at least one Battery Pack company and list the Battery Pack companies in each county.,Decatur County: Hollingsworth & Vose Co. Henry County: Hyundai Motor Group Jackson County: IMMI Stephens County: F&P Georgia Manufacturing,golden,"Decatur County:
- Hollingsworth & Vose Co.
Henry County:
- Hyundai Motor Group
Jackson County:
- IMMI
Stephens County:
- F&P Georgia Manufacturing",0.75,True,,1.0,1.0,1.0,1.0,0.0,0.0
Which county has the highest total Employment across all companies? Provide the county and the summed Employment.,"Fulton County | Total Employment: 21,300",golden,Fulton County has the highest total Employment with 21300.,0.6,True,,0.91,1.0,1.0,1.0,0.0,0.0
Compute total Employment by EV Supply Chain Role for companies located in Fulton County.,"OEM corporate footprint influencing EV strategy: 19,600 Vehicle Assembly: 1,000 General Automotive: 700",golden,"Total Employment by EV Supply Chain Role:
- OEM corporate footprint influencing EV strategy: 19600
- Vehicle Assembly: 1000
- General Automotive: 700",0.64,True,,1.0,1.0,1.0,1.0,0.0,0.0
List companies whose Location is reported as Georgia (or Georgia (facility presence)) and summarize their Category and EV Supply Chain Role.,"TI Fluid Systems | Location: Georgia (facility presence) | Category: OEM | EV Supply Chain Role: Vehicle safety systems OEM (EV + ICE) TN Americas Holding Inc. | Location: Georgia | Category: OEM (Footprint) | EV Supply Chain Role: OEM parent group footprint (EV + HD electrification) Toyota Industries Group (TACG-TICA) | Location: Georgia | Category: OEM (Footprint) | EV Supply Chain Role: OEM parent group footprint (electric truck strategy) Trenton Pressing | Location: Georgia | Category: OEM (Footprint) | EV Supply Chain Role: OEM corporate footprint and supplier integration Trenton Pressing Inc. | Location: Georgia | Category: OEM Supply Chain | EV Supply Chain Role: Machined components supporting EV and ICE vehicles Valeo | Location: Georgia | Category: OEM Supply Chain | EV Supply Chain Role: Tier 1 automotive components Vanguard National Trailer Corp. | Location: Georgia | Category: OEM Supply Chain | EV Supply Chain Role: Body and chassis components for EV and ICE OEMs Vernay | Location: Georgia | Category: OEM Supply Chain | EV Supply Chain Role: Stamped and welded assemblies for OEMs Vista Metals Corp. | Location: Georgia | Category: OEM Supply Chain | EV Supply Chain Role: EV and ICE component manufacturing Voestalpine Automotive Body Parts Inc. | Location: Georgia | Category: OEM Supply Chain | EV Supply Chain Role: EV and ICE powertrain and HVAC components Volvo Cars USA | Location: Georgia | Category: OEM Supply Chain | EV Supply Chain Role: Plastic components for EV and ICE vehicles Volvo Group North America | Location: Georgia | Category: OEM Supply Chain | EV Supply Chain Role: Stamped metal components for OEMs WIKA USA | Location: Georgia | Category: OEM Supply Chain | EV Supply Chain Role: HV and LV wiring harnesses for EVs and ICE vehicles Wabash National Corp. | Location: Georgia | Category: OEM Supply Chain | EV Supply Chain Role: Interior and exterior plastic parts Wheelabrator Group Inc. | Location: Georgia | Category: OEM Supply Chain | EV Supply Chain Role: Interior trim and textile components Woodbridge Foam Corp. | Location: Georgia | Category: OEM Supply Chain | EV Supply Chain Role: EV wiring harnesses and power distribution Woory Industrial Co. | Location: Georgia | Category: OEM Supply Chain | EV Supply Chain Role: High‑voltage EV connectors and electronics YKK USA Inc. | Location: Georgia | Category: OEM Footprint | EV Supply Chain Role: EV sensors, braking, and control systems Yachiyo Manufacturing of America LLC | Location: Georgia | Category: OEM Supply Chain | EV Supply Chain Role: EV electrical distribution and interior systems Yamaha Motor Manufacturing Corp. | Location: Georgia | Category: OEM Supply Chain | EV Supply Chain Role: Advanced electrical architecture for EVs Yazaki North America | Location: Georgia | Category: OEM Footprint | EV Supply Chain Role: Power electronics, sensors, and EV systems ZF Gainesville LLC | Location: Georgia | Category: OEM Supply Chain | EV Supply Chain Role: EV body, powertrain, and thermal components ZF Gainesville LLC | Location: Georgia | Category: OEM Supply Chain | EV Supply Chain Role: EV thermal management and power electronics ZF Gainesville LLC | Location: Georgia | Category: OEM Footprint | EV Supply Chain Role: EV thermal systems and electronics",golden,"- TI Fluid Systems | Category: OEM | EV Supply Chain Role: Vehicle safety systems OEM (EV + ICE)
- TN Americas Holding Inc. | Category: OEM (Footprint) | EV Supply Chain Role: OEM parent group footprint (EV + HD electrification)
- Toyota Industries Group (TACG-TICA) | Category: OEM (Footprint) | EV Supply Chain Role: OEM parent group footprint (electric truck strategy)
- Trenton Pressing | Category: OEM (Footprint) | EV Supply Chain Role: OEM corporate footprint and supplier integration
- Trenton Pressing Inc. | Category: OEM Supply Chain | EV Supply Chain Role: Machined components supporting EV and ICE vehicles
- Valeo | Category: OEM Supply Chain | EV Supply Chain Role: Tier 1 automotive components
- Vanguard National Trailer Corp. | Category: OEM Supply Chain | EV Supply Chain Role: Body and chassis components for EV and ICE OEMs
- Vernay | Category: OEM Supply Chain | EV Supply Chain Role: Stamped and welded assemblies for OEMs
- Vista Metals Corp. | Category: OEM Supply Chain | EV Supply Chain Role: EV and ICE component manufacturing
- Voestalpine Automotive Body Parts Inc. | Category: OEM Supply Chain | EV Supply Chain Role: EV and ICE powertrain and HVAC components
- Volvo Cars USA | Category: OEM Supply Chain | EV Supply Chain Role: Plastic components for EV and ICE vehicles
- Volvo Group North America | Category: OEM Supply Chain | EV Supply Chain Role: Stamped metal components for OEMs
- Wabash National Corp. | Category: OEM Supply Chain | EV Supply Chain Role: Interior and exterior plastic parts
- Wheelabrator Group Inc. | Category: OEM Supply Chain | EV Supply Chain Role: Interior trim and textile components
- WIKA USA | Category: OEM Supply Chain | EV Supply Chain Role: HV and LV wiring harnesses for EVs and ICE vehicles",2.5,True,,0.79,0.69,0.69,0.69,0.31,0.0
Show the distribution of companies by County for EV / Battery Relevant = Yes only.,Bryan County: 2 Jackson County: 2 Columbia County: 1 Coweta County: 1 Decatur County: 1 Forsyth County: 1 Fulton County: 1 Gordon County: 1 Greene County: 1 Hall County: 1 Henry County: 1 Laurens County: 1 Newton County: 1 Richmond County: 1 Stephens County: 1 Walton County: 1,golden,"The workbook evidence is incomplete for this question. The available evidence lists companies that are EV / Battery Relevant, but it does not provide a distribution of these companies by county.",0.73,True,,0.0,0.0,0.0,0.0,1.0,0.0
