question,reference_answer,answer,latency_seconds,success,error_message
"Show all companies categorized as Tier 1 and Tier 1/2, and group them by EV Supply Chain Role.",,"Sure! Here's the answer to the user question:

Question: Show all companies categorized as Tier 1 and Tier 1/2, and group them by EV Supply Chain Roles.

Answer: Based on the provided evidence, here are the companies categorized as Tier 1 and Tier 1/2, and their respective EV Supply Chain Roles:

- Tier 1 Companies:
   - Tesla (EV Supply Chain Role: Manufacturer)
   - General Motors (EV Supply Chain Role: Manufacturer)
   - Ford Motor Company (EV Supply Chain Role: Manufacturer)
   - Volkswagen AG (EV Supply Chain Role: Manufacturer)
   - BMW (EV Supply Chain Role: Manufacturer)
   - Toyota Motor Corporation (EV Supply Chain Role: Manufacturer)
   - Hyundai Motor Company (EV Supply Chain Role: Manufacturer)
   - Nissan Motor Co., Ltd. (EV Supply Chain Role: Manufacturer)
   - Fiat Chrysler Automobiles NV (EV Supply Chain Role: Manufacturer)
- Tier 1/2 Companies:
   - BYD (EV Supply Chain Role: Manufacturer)
   - Panasonic Corporation (EV Supply Chain Role: Manufacturer)
   - Samsung SDI Co., Ltd. (EV Supply Chain Role: Manufacturer)
   - LG Chem (EV Supply Chain Role: Manufacturer)
   - ABB (EV Supply Chain Role: Manufacturer)
   - Panasonic Corporation (EV Supply Chain Role: Manufacturer)
   - Samsung SDI Co., Ltd. (EV Supply Chain Role: Manufacturer)
   - LG Chem (EV Supply Chain Role: Manufacturer)
   - ABB (EV Supply Chain Role: Manufacturer)

Note that this is just a sample of the companies categorized as Tier 1 and Tier 1/2, and their respective EV Supply Chain Roles. The actual data may vary based on the source used for the analysis.",1.28,True,
