question,reference_answer,reference_source,answer,latency_seconds,success,error_message,answer_accuracy,rouge_l,token_f1,semantic_similarity,normalized_exact_match,custom_faithfulness,custom_response_groundedness,custom_context_precision,custom_context_recall,unsupported_claim_ratio,contradicted_claim_ratio,ragas_faithfulness,ragas_context_precision,ragas_context_recall,ragas_answer_correctness,abstained,response_length,citation_coverage,judge_failure_count
"Show all Tier 1/2 suppliers in Georgia, list their EV Supply Chain Role and Product / Service.","There are 18 Tier 1/2 companies in Georgia.

F&P Georgia Manufacturing [Tier 1/2] | Role: Battery Pack | Product: Lithium-ion battery recycler and raw materials provider
Fouts Brothers Fire Equipment [Tier 1/2] | Role: General Automotive | Product: Automotive body parts and electronics Cylinder-head and specialty gaskets, housing modules and shielding systems for engines, transmissions, exhaust systems and auxiliary units
Hitachi Astemo [Tier 1/2] | Role: General Automotive | Product: Car audio systems
Hitachi Astemo Americas Inc. [Tier 1/2] | Role: Battery Cell | Product: Battery cells for electric mobility
Hollingsworth & Vose Co. [Tier 1/2] | Role: Battery Pack | Product: Lithium-ion battery materials
Honda Development & Manufacturing [Tier 1/2] | Role: Battery Cell | Product: Battery cells for electric mobility
Hwashin [Tier 1/2] | Role: General Automotive | Product: Modules and storage systems
Hyundai & LG Energy Solution (LGES) [Tier 1/2] | Role: General Automotive | Product: Storage batteries
Hyundai Industrial Co. [Tier 1/2] | Role: General Automotive | Product: Automotive batteries
Hyundai MOBIS (Georgia) [Tier 1/2] | Role: General Automotive | Product: Capacitors, electronic automotive components
Hyundai Motor Group [Tier 1/2] | Role: Battery Pack | Product: Battery parts for electric vehicles
Hyundai Transys Georgia Powertrain [Tier 1/2] | Role: Thermal Management | Product: Electrical heaters, control units, and actuators
Hyundai Transys Georgia Seating Systems [Tier 1/2] | Role: General Automotive | Product: Automotive electronics, resonators, capacitors, resistors, electronics and electronic parts
IMMI [Tier 1/2] | Role: Battery Pack | Product: Battery electrolyte
IMS Gear Georgia Inc. [Tier 1/2] | Role: General Automotive | Product: Car audio systems
Inalfa Roof Systems Inc. [Tier 1/2] | Role: General Automotive | Product: Automotive electronic safety systems
JAC Products Inc. [Tier 1/2] | Role: General Automotive | Product: Switches, resistors and related products
Jefferson Southern Corp. [Tier 1/2] | Role: General Automotive | Product: High current switches and resistors for automotive HVAC systems",golden,ERROR: model 'qwen3:30b-a3b' not found (status code: 404),0.003,False,pass1_failed: model 'qwen3:30b-a3b' not found (status code: 404); direct prompt used,,,,,,,,,,,,,,,,False,8,0.0,
"Which Georgia companies are classified under Battery Cell or Battery Pack roles, and what tier is each assigned?","There are 6 companies found with Battery Cell or Battery Pack roles.

F&P Georgia Manufacturing [Tier 1/2] | Role: Battery Pack
Hitachi Astemo Americas Inc. [Tier 1/2] | Role: Battery Cell
Hollingsworth & Vose Co. [Tier 1/2] | Role: Battery Pack
Honda Development & Manufacturing [Tier 1/2] | Role: Battery Cell
Hyundai Motor Group [Tier 1/2] | Role: Battery Pack
IMMI [Tier 1/2] | Role: Battery Pack",golden,ERROR: model 'qwen3:30b-a3b' not found (status code: 404),0.002,False,pass1_failed: model 'qwen3:30b-a3b' not found (status code: 404); direct prompt used,,,,,,,,,,,,,,,,False,8,0.0,
Map all Thermal Management suppliers in Georgia and show which Primary OEMs they are linked to.,"There are 4 Thermal Management companies in Georgia.

• Freudenberg-NOK | Location: LaGrange, Troup County | OEMs: Multiple OEMs
• Hyundai Transys Georgia Powertrain | Location: West Point, Troup County | OEMs: Hyundai Kia Rivian
• Novelis Inc. | Location: Atlanta, Fulton County | OEMs: Multiple OEMs
• Peerless-Winsmith Inc. | Location: Flowery Branch, Hall County | OEMs: Multiple OEMs",golden,ERROR: model 'qwen3:30b-a3b' not found (status code: 404),0.002,False,pass1_failed: model 'qwen3:30b-a3b' not found (status code: 404); direct prompt used,,,,,,,,,,,,,,,,False,8,0.0,
"List every Georgia company classified under Power Electronics or Charging Infrastructure, along with their Employment size.","There are 4 companies in Power Electronics or Charging Infrastructure roles.

GSC Steel Stamping LLC | Role: Power Electronics | Employment: 350
Morgan Corp. | Role: Charging Infrastructure | Employment: 320
Yazaki North America | Role: Power electronics, sensors, and EV systems | Employment: 230000
ZF Gainesville LLC | Role: EV thermal management and power electronics | Employment: 17500",golden,ERROR: model 'qwen3:30b-a3b' not found (status code: 404),0.002,False,pass1_failed: model 'qwen3:30b-a3b' not found (status code: 404); direct prompt used,,,,,,,,,,,,,,,,False,8,0.0,
"Which companies are classified as Direct Manufacturer, and what EV Supply Chain Roles do they cover?","The Direct Manufacturer group includes 11 companies.
Kia Georgia Inc. | EV Supply Chain Role: Vehicle Assembly
Minebea AccessSolutions USA Inc. | EV Supply Chain Role: General Automotive
Superior Essex Inc. | EV Supply Chain Role: Vehicle Assembly
Suzuki Manufacturing of America Corp. | EV Supply Chain Role: Vehicle Assembly
TCI Powder Coatings | EV Supply Chain Role: Vehicle Assembly
TDK Components USA Inc. | EV Supply Chain Role: Vehicle Assembly
TE Connectivity | EV Supply Chain Role: Vehicle Assembly
Teklas USA | EV Supply Chain Role: Vehicle Assembly
Textron Specialized Vehicles | EV Supply Chain Role: Vehicle Assembly
Thermal Ceramics Inc. | EV Supply Chain Role: Vehicle Assembly
Thomson Plastics Inc. | EV Supply Chain Role: Vehicle Assembly",golden,ERROR: model 'qwen3:30b-a3b' not found (status code: 404),0.003,False,pass1_failed: model 'qwen3:30b-a3b' not found (status code: 404); direct prompt used,,,,,,,,,,,,,,,,False,8,0.0,
