question,reference_answer,reference_source,answer,latency_seconds,success,error_message,answer_accuracy,faithfulness,response_groundedness,context_precision,context_recall,grounded_claim_ratio,unsupported_claim_ratio,contradicted_claim_ratio,overall_metric_score_pct
"Show all Tier 1/2 suppliers in Georgia, list their EV Supply Chain Role and Product / Service.","There are 18 Tier 1/2 companies in Georgia. F&P Georgia Manufacturing [Tier 1/2] | Role: Battery Pack | Product: Lithium-ion battery recycler and raw materials provider Fouts Brothers Fire Equipment [Tier 1/2] | Role: General Automotive | Product: Automotive body parts and electronics Cylinder-head and specialty gaskets, housing modules and shielding systems for engines, transmissions, exhaust systems and auxiliary units Hitachi Astemo [Tier 1/2] | Role: General Automotive | Product: Car audio systems Hitachi Astemo Americas Inc. [Tier 1/2] | Role: Battery Cell | Product: Battery cells for electric mobility Hollingsworth & Vose Co. [Tier 1/2] | Role: Battery Pack | Product: Lithium-ion battery materials Honda Development & Manufacturing [Tier 1/2] | Role: Battery Cell | Product: Battery cells for electric mobility Hwashin [Tier 1/2] | Role: General Automotive | Product: Modules and storage systems Hyundai & LG Energy Solution (LGES) [Tier 1/2] | Role: General Automotive | Product: Storage batteries Hyundai Industrial Co. [Tier 1/2] | Role: General Automotive | Product: Automotive batteries Hyundai MOBIS (Georgia) [Tier 1/2] | Role: General Automotive | Product: Capacitors, electronic automotive components Hyundai Motor Group [Tier 1/2] | Role: Battery Pack | Product: Battery parts for electric vehicles Hyundai Transys Georgia Powertrain [Tier 1/2] | Role: Thermal Management | Product: Electrical heaters, control units, and actuators Hyundai Transys Georgia Seating Systems [Tier 1/2] | Role: General Automotive | Product: Automotive electronics, resonators, capacitors, resistors, electronics and electronic parts IMMI [Tier 1/2] | Role: Battery Pack | Product: Battery electrolyte IMS Gear Georgia Inc. [Tier 1/2] | Role: General Automotive | Product: Car audio systems Inalfa Roof Systems Inc. [Tier 1/2] | Role: General Automotive | Product: Automotive electronic safety systems JAC Products Inc. [Tier 1/2] | Role: General Automotive | Product: Switches, resistors and related products",golden,"**Battery Pack**
- F&P Georgia Manufacturing | Lithium-ion battery recycler and raw materials provider

**General Automotive**
- Fouts Brothers Fire Equipment | Automotive body parts and electronics Cylinder-head and specialty gaskets, housing modules and shielding systems for engines, transmissions, exhaust systems and auxiliary units
- Hitachi Astemo | Car audio systems
- Hwashin | Modules and storage systems
- Hyundai & LG Energy Solution (LGES) | Storage batteries
- Hyundai Industrial Co. | Automotive batteries
- Hyundai MOBIS (Georgia) | Capacitors, electronic automotive components
- Hyundai Transys Georgia Seating Systems | Automotive electronics, resonators, capacitors, resistors, electronics and electronic parts
- IMS Gear Georgia Inc. | Car audio systems
- Inalfa Roof Systems Inc. | Automotive electronic safety systems
- JAC Products Inc. | Switches, resistors and related products
- Jefferson Southern Corp. | High current switches and resistors for automotive HVAC systems
- Jefferson Southern Corporation | Stamped metal automobile body parts
- Joon Georgia, Inc. | Seats and seat foam pads
- Kautex Inc. | Automotive exterior and interior systems
- KTX America Corporation | Stamped components and decorative trim
- Kyungshin America Corp. | Front-end modules, front-rolling chassis modules, rear-chassis modules
- Lark United Manufacturing Inc. | Motor vehicle transmissions
- Lear Corporation | Pressed parts in the body-in-white segment and structural components
- Lehigh Technologies Inc. | Suspension related functional components
- Linde + Wiemann | 6-speed automatic transmissions
- Lund International Inc. | Automotive seat frames
- Lund International Inc./Ventshade Division | Industrial trailers and truck bodies
- Lyle Industries Inc. | Automatic transmissions, Molded injection auto parts

**Battery Cell**
- Hitachi Astemo Americas Inc. | Battery cells for electric mobility
- Honda Development & Manufacturing | Battery cells for electric mobility

**Battery Pack**
- Hollingsworth & Vose Co. | Lithium-ion battery materials
- IMMI | Battery electrolyte

**Thermal Management**
- Hyundai Transys Georgia Powertrain | Electrical heaters, control units, and actuators",11.67,True,,,,,,,,,,
